id;title;description;created
1;mobile Fish;../fake-data/blob/hipster.txt;2019-11-20T18:33:24
2;Savings Account Dam;../fake-data/blob/hipster.txt;2019-11-21T10:52:11
3;Trace;../fake-data/blob/hipster.txt;2019-11-21T05:15:36
4;Metal deposit;../fake-data/blob/hipster.txt;2019-11-21T11:54:55
5;transmitter Implementation Electronics;../fake-data/blob/hipster.txt;2019-11-20T13:27:22
6;Money Market Account;../fake-data/blob/hipster.txt;2019-11-20T22:35:22
7;Grocery Home;../fake-data/blob/hipster.txt;2019-11-21T00:40:29
8;enable Gorgeous Frozen Pants;../fake-data/blob/hipster.txt;2019-11-21T07:40:57
9;Licensed Savings Account;../fake-data/blob/hipster.txt;2019-11-21T04:05:24
10;Planner Canyon;../fake-data/blob/hipster.txt;2019-11-20T16:37:51
